epoch,time,train/box_loss,train/cls_loss,train/dfl_loss,metrics/precision(B),metrics/recall(B),metrics/mAP50(B),metrics/mAP50-95(B),val/box_loss,val/cls_loss,val/dfl_loss,lr/pg0,lr/pg1,lr/pg2
1,70.9401,0.7974,2.20922,0.97893,0.00436,1,0.98648,0.80721,0.64545,2.87436,0.80797,0.00052,0.00052,0.00052
2,151.08,0.66353,1.09627,0.9163,0.00427,0.98039,0.01246,0.00747,1.16044,3.7605,1.20854,0.00104951,0.00104951,0.00104951
3,228.198,0.62298,0.99816,0.91414,0.02148,0.17647,0.05677,0.04661,0.79627,3.41174,1.0046,0.00156832,0.00156832,0.00156832
4,306.223,0.62115,0.86713,0.90381,0.7477,0.465,0.54017,0.38294,1.10041,2.90255,1.22301,0.0019406,0.0019406,0.0019406
5,376.157,0.64277,0.80297,0.91952,0.97994,0.95783,0.9899,0.8377,0.57885,1.15008,0.8782,0.0019208,0.0019208,0.0019208
6,436.9,0.61632,0.72775,0.89535,0.97991,1,0.9925,0.89694,0.51686,0.68979,0.85502,0.001901,0.001901,0.001901
7,501.4,0.58447,0.69005,0.89367,0.96062,1,0.99423,0.88474,0.51829,0.72182,0.8613,0.0018812,0.0018812,0.0018812
8,574.625,0.57996,0.60297,0.89208,0.97882,0.98039,0.99031,0.8984,0.4706,0.59909,0.83222,0.0018614,0.0018614,0.0018614
9,640.801,0.54665,0.56016,0.87936,0.98256,0.96078,0.99405,0.89195,0.5152,0.60358,0.86543,0.0018416,0.0018416,0.0018416
10,713.714,0.54531,0.54562,0.88029,0.96211,1,0.99404,0.9092,0.46208,0.45582,0.83838,0.0018218,0.0018218,0.0018218
11,790.726,0.54509,0.50676,0.89069,0.95957,1,0.99028,0.87025,0.51572,0.50406,0.8423,0.001802,0.001802,0.001802
12,883.407,0.54472,0.49713,0.88374,0.99933,1,0.995,0.898,0.4744,0.38722,0.84774,0.0017822,0.0017822,0.0017822
13,963.549,0.54494,0.46999,0.87963,0.97968,1,0.98385,0.88341,0.4704,0.3783,0.83351,0.0017624,0.0017624,0.0017624
14,1051.89,0.53233,0.45608,0.87443,0.97835,1,0.995,0.91886,0.41596,0.48385,0.82222,0.0017426,0.0017426,0.0017426
15,1124.04,0.50931,0.43974,0.8664,0.99658,1,0.995,0.92195,0.41226,0.34228,0.82158,0.0017228,0.0017228,0.0017228
16,1199.39,0.52593,0.43231,0.88029,0.9997,1,0.995,0.92145,0.44676,0.37709,0.83266,0.001703,0.001703,0.001703
17,1288.8,0.51905,0.42622,0.86826,0.99973,1,0.995,0.91563,0.44162,0.3428,0.82598,0.0016832,0.0016832,0.0016832
18,1387.04,0.50163,0.40106,0.86553,1,0.99334,0.995,0.91792,0.41635,0.33709,0.8196,0.0016634,0.0016634,0.0016634
19,1483.77,0.51554,0.41894,0.87453,0.97892,1,0.99481,0.90567,0.43886,0.28762,0.8203,0.0016436,0.0016436,0.0016436
20,1590.21,0.48861,0.38107,0.85125,0.96224,0.99935,0.99384,0.89762,0.45324,0.3393,0.82751,0.0016238,0.0016238,0.0016238
21,1689.22,0.49441,0.38118,0.85676,0.96038,1,0.99305,0.90194,0.47868,0.31132,0.83858,0.001604,0.001604,0.001604
22,1782.01,0.49721,0.3782,0.86302,0.97701,1,0.99058,0.90193,0.43619,0.31652,0.82317,0.0015842,0.0015842,0.0015842
23,1868.84,0.47865,0.37672,0.85585,0.93696,0.98039,0.99088,0.90827,0.39845,0.28734,0.8178,0.0015644,0.0015644,0.0015644
24,1944.28,0.50548,0.3837,0.86773,0.97943,1,0.99327,0.91636,0.4215,0.29911,0.82233,0.0015446,0.0015446,0.0015446
25,2008.62,0.4954,0.37922,0.85975,0.98074,0.99838,0.98942,0.8931,0.42966,0.32573,0.82614,0.0015248,0.0015248,0.0015248
26,2070.55,0.47474,0.3786,0.85067,1,0.97878,0.995,0.92398,0.40632,0.26759,0.8109,0.001505,0.001505,0.001505
27,2146.86,0.47447,0.36492,0.85073,0.98073,0.99812,0.99481,0.90672,0.43752,0.27331,0.82558,0.0014852,0.0014852,0.0014852
28,2224.7,0.48612,0.36422,0.86721,0.97966,1,0.9925,0.91659,0.42045,0.2708,0.8206,0.0014654,0.0014654,0.0014654
29,2290.85,0.47874,0.3594,0.8553,0.97707,1,0.99404,0.91757,0.42815,0.26724,0.82662,0.0014456,0.0014456,0.0014456
30,2355.67,0.4755,0.33841,0.85629,0.97867,1,0.99288,0.9205,0.42483,0.2734,0.83311,0.0014258,0.0014258,0.0014258
31,2418.99,0.47607,0.33498,0.85736,0.99556,1,0.995,0.90483,0.44837,0.23655,0.82613,0.001406,0.001406,0.001406
32,2481.37,0.46147,0.32215,0.84881,0.98017,1,0.995,0.92607,0.46432,0.24385,0.83458,0.0013862,0.0013862,0.0013862
33,2543.44,0.47649,0.3395,0.85324,0.97889,1,0.99404,0.92661,0.41211,0.2765,0.81464,0.0013664,0.0013664,0.0013664
34,2614.16,0.44087,0.30635,0.83388,0.9806,1,0.99404,0.91216,0.42308,0.27208,0.82193,0.0013466,0.0013466,0.0013466
35,2698.72,0.45746,0.31929,0.85297,0.9804,1,0.99404,0.91303,0.43512,0.26487,0.8248,0.0013268,0.0013268,0.0013268
36,2784.11,0.44815,0.31142,0.85139,0.9792,1,0.99365,0.91084,0.45003,0.25943,0.82303,0.001307,0.001307,0.001307
37,2869.81,0.45788,0.32438,0.85014,0.99854,1,0.995,0.90773,0.45347,0.26127,0.82347,0.0012872,0.0012872,0.0012872
38,2950.37,0.45237,0.3164,0.85411,0.99793,1,0.995,0.91122,0.42701,0.2287,0.82342,0.0012674,0.0012674,0.0012674
39,3035.64,0.47265,0.33302,0.85064,0.9788,0.98039,0.99462,0.90153,0.43831,0.28802,0.82012,0.0012476,0.0012476,0.0012476
40,5590.86,0.46774,0.31524,0.84938,0.97926,1,0.99365,0.91647,0.38101,0.23827,0.80971,0.0012278,0.0012278,0.0012278
41,5656.13,0.45063,0.30707,0.84461,0.97962,1,0.99288,0.89973,0.44164,0.24411,0.81914,0.001208,0.001208,0.001208
42,5720.81,0.45306,0.31338,0.84765,0.97974,1,0.98827,0.91467,0.43629,0.25117,0.82034,0.0011882,0.0011882,0.0011882
43,5785.68,0.45301,0.31057,0.84948,0.97976,1,0.99058,0.91049,0.44968,0.25585,0.82363,0.0011684,0.0011684,0.0011684
44,6314.2,0.44456,0.29824,0.84365,0.98075,0.99902,0.99327,0.90542,0.43254,0.24021,0.82298,0.0011486,0.0011486,0.0011486
45,6374.7,0.42415,0.27999,0.83765,0.97784,1,0.99404,0.90043,0.4695,0.25735,0.82742,0.0011288,0.0011288,0.0011288
46,6435.04,0.42885,0.30367,0.84324,0.98036,0.9789,0.99366,0.91306,0.45338,0.25602,0.8315,0.001109,0.001109,0.001109
47,6495.54,0.44541,0.29483,0.84784,0.97988,1,0.99442,0.92298,0.41201,0.23697,0.8151,0.0010892,0.0010892,0.0010892
48,6556.12,0.44627,0.30198,0.84507,0.97958,1,0.99019,0.92008,0.41423,0.22467,0.8156,0.0010694,0.0010694,0.0010694
49,6619.46,0.44341,0.29531,0.84834,0.97968,1,0.98596,0.92453,0.41741,0.23149,0.81549,0.0010496,0.0010496,0.0010496
50,6683.13,0.42775,0.28783,0.84366,0.97263,1,0.99096,0.92301,0.42416,0.23011,0.81959,0.0010298,0.0010298,0.0010298
51,6747.04,0.44116,0.29392,0.83078,0.9797,1,0.98231,0.90228,0.43106,0.2343,0.82081,0.00101,0.00101,0.00101
52,6810.58,0.43025,0.27546,0.84366,0.97957,1,0.98385,0.90312,0.44184,0.24773,0.8244,0.0009902,0.0009902,0.0009902
53,6874.49,0.42133,0.27467,0.84723,0.97973,1,0.98269,0.91308,0.41209,0.22739,0.81585,0.0009704,0.0009704,0.0009704
54,6937.59,0.43889,0.28771,0.8446,0.97925,1,0.98558,0.91005,0.45556,0.24235,0.82149,0.0009506,0.0009506,0.0009506
55,7001.89,0.40608,0.27462,0.83396,0.97972,1,0.98038,0.91683,0.39756,0.23218,0.80966,0.0009308,0.0009308,0.0009308
56,7064.41,0.42197,0.28012,0.82672,0.97789,1,0.99404,0.91968,0.40939,0.22472,0.81372,0.000911,0.000911,0.000911
57,7127.86,0.43382,0.28842,0.83748,0.98075,0.99881,0.9925,0.9158,0.42137,0.2512,0.82181,0.0008912,0.0008912,0.0008912
58,7191.03,0.40866,0.26725,0.8291,0.97756,1,0.99212,0.91443,0.43407,0.22425,0.82392,0.0008714,0.0008714,0.0008714
59,7254.97,0.40396,0.26972,0.82491,0.97946,1,0.98596,0.92045,0.42646,0.24145,0.82187,0.0008516,0.0008516,0.0008516
60,7318.63,0.41414,0.28206,0.83366,0.97779,1,0.99173,0.92371,0.40239,0.2131,0.81501,0.0008318,0.0008318,0.0008318
61,7382.02,0.3902,0.26744,0.8384,0.97974,1,0.99327,0.92237,0.41327,0.2181,0.8187,0.000812,0.000812,0.000812
62,7445.41,0.40179,0.26358,0.84134,0.97947,1,0.99481,0.93039,0.38483,0.20682,0.80855,0.0007922,0.0007922,0.0007922
63,7508.72,0.39565,0.26018,0.83373,0.9795,1,0.98385,0.90843,0.3945,0.23143,0.80952,0.0007724,0.0007724,0.0007724
64,7568.86,0.39869,0.2729,0.83408,0.9802,1,0.99173,0.91928,0.40099,0.21759,0.81438,0.0007526,0.0007526,0.0007526
65,7629.04,0.40385,0.26047,0.8363,0.97966,1,0.99212,0.92281,0.43531,0.21293,0.82321,0.0007328,0.0007328,0.0007328
66,7689.36,0.39809,0.25591,0.83605,0.97978,1,0.98558,0.9112,0.3974,0.20828,0.81569,0.000713,0.000713,0.000713
67,7750.08,0.39288,0.25363,0.82989,0.97959,1,0.98865,0.91854,0.40602,0.22857,0.81596,0.0006932,0.0006932,0.0006932
68,7813.71,0.41381,0.25891,0.8373,0.97955,1,0.98596,0.90533,0.42167,0.22867,0.81502,0.0006734,0.0006734,0.0006734
69,7877.03,0.38604,0.25249,0.83428,0.97847,1,0.98788,0.92014,0.42774,0.23954,0.82209,0.0006536,0.0006536,0.0006536
70,7941.12,0.38554,0.24166,0.83294,0.9797,1,0.99327,0.93201,0.39871,0.21149,0.81164,0.0006338,0.0006338,0.0006338
71,8004.08,0.38639,0.25588,0.83728,0.97815,1,0.99442,0.92737,0.40926,0.21188,0.8148,0.000614,0.000614,0.000614
72,8067.14,0.38043,0.23458,0.82185,0.97655,1,0.99481,0.92644,0.42199,0.2179,0.81953,0.0005942,0.0005942,0.0005942
73,8130.82,0.38966,0.23983,0.83259,0.97977,1,0.99096,0.92432,0.43468,0.22608,0.82144,0.0005744,0.0005744,0.0005744
74,8195.11,0.37766,0.2293,0.82891,0.97978,1,0.98981,0.92524,0.3906,0.20594,0.81262,0.0005546,0.0005546,0.0005546
75,8258.32,0.37815,0.23863,0.8348,0.9797,1,0.99365,0.93196,0.4095,0.20136,0.81712,0.0005348,0.0005348,0.0005348
76,8321.62,0.38054,0.23561,0.82912,0.97918,1,0.99442,0.93327,0.40404,0.1997,0.8177,0.000515,0.000515,0.000515
77,8383.89,0.38322,0.2339,0.83171,0.97964,1,0.99288,0.9175,0.42367,0.20237,0.82339,0.0004952,0.0004952,0.0004952
78,8446.62,0.35727,0.22419,0.83062,0.97975,1,0.99327,0.91389,0.41482,0.21774,0.82242,0.0004754,0.0004754,0.0004754
79,8509.01,0.36893,0.23897,0.82508,0.97977,1,0.99442,0.91783,0.41386,0.20874,0.81995,0.0004556,0.0004556,0.0004556
80,8570.94,0.37739,0.23038,0.82803,0.97911,1,0.99019,0.92208,0.42806,0.21642,0.82593,0.0004358,0.0004358,0.0004358
81,8633.46,0.35925,0.22831,0.83076,0.97969,1,0.98827,0.9189,0.40238,0.19821,0.81958,0.000416,0.000416,0.000416
82,8696.95,0.35911,0.22064,0.8357,0.97977,1,0.98385,0.90874,0.41783,0.19985,0.8194,0.0003962,0.0003962,0.0003962
83,8759.08,0.37186,0.23255,0.83144,0.97977,1,0.99096,0.9195,0.4037,0.19702,0.81543,0.0003764,0.0003764,0.0003764
84,8821.98,0.3509,0.22251,0.83017,0.97961,1,0.99327,0.92606,0.37773,0.19661,0.81297,0.0003566,0.0003566,0.0003566
85,8884.53,0.36289,0.22726,0.82341,0.97958,1,0.99404,0.91994,0.41906,0.20187,0.81818,0.0003368,0.0003368,0.0003368
86,8947.58,0.34359,0.2202,0.81875,0.97969,1,0.9925,0.92638,0.39203,0.19793,0.81185,0.000317,0.000317,0.000317
87,9009.62,0.34812,0.2189,0.8308,0.9797,1,0.99327,0.93046,0.42099,0.19401,0.8181,0.0002972,0.0002972,0.0002972
88,9072.05,0.34603,0.21842,0.82407,0.97956,1,0.99288,0.91923,0.40467,0.1897,0.81657,0.0002774,0.0002774,0.0002774
89,9135.11,0.34086,0.21425,0.82112,0.97933,1,0.99212,0.92248,0.39252,0.19706,0.81446,0.0002576,0.0002576,0.0002576
90,9196.85,0.34418,0.21226,0.81905,0.97955,1,0.99288,0.92635,0.39171,0.19659,0.81262,0.0002378,0.0002378,0.0002378
91,9259.05,0.32786,0.19275,0.81202,0.97969,1,0.99327,0.91972,0.39278,0.1909,0.8132,0.000218,0.000218,0.000218
92,9320.78,0.31967,0.19223,0.80342,0.97974,1,0.99173,0.92505,0.39441,0.18615,0.81408,0.0001982,0.0001982,0.0001982
93,9383.22,0.31284,0.17967,0.81512,0.97972,1,0.98904,0.92461,0.41973,0.19689,0.81857,0.0001784,0.0001784,0.0001784
94,9445.14,0.32574,0.18557,0.80731,0.97963,1,0.99058,0.9267,0.39368,0.19173,0.81317,0.0001586,0.0001586,0.0001586
95,9507.18,0.31474,0.1861,0.80055,0.97941,1,0.99327,0.92249,0.40685,0.19354,0.81759,0.0001388,0.0001388,0.0001388
96,9569.52,0.31974,0.19116,0.81675,0.97926,1,0.99212,0.92497,0.39878,0.18981,0.81559,0.000119,0.000119,0.000119
97,9633.23,0.32007,0.18614,0.81366,0.97908,1,0.99019,0.92182,0.39636,0.18877,0.81514,9.92e-05,9.92e-05,9.92e-05
98,9695.48,0.30873,0.17957,0.79709,0.97937,1,0.98712,0.91956,0.40349,0.19012,0.81727,7.94e-05,7.94e-05,7.94e-05
99,9757.33,0.31025,0.17548,0.80685,0.97948,1,0.98788,0.91701,0.40925,0.19138,0.81943,5.96e-05,5.96e-05,5.96e-05
100,9817.54,0.30045,0.17342,0.80327,0.97949,1,0.98865,0.91804,0.41074,0.18739,0.8189,3.98e-05,3.98e-05,3.98e-05
